JobID,Period,ExecutionTime,DeadLine,processorId
0,200,2,200,0
1,1000,17,1000,1
2,100,2,100,1
3,100,3,100,1
4,100,3,100,0
5,1000,26,1000,1
6,500,24,500,1
7,200,1,200,1
8,100,3,100,1
9,200,5,200,1
10,100,1,100,1
11,200,3,200,0
12,1000,3,1000,1
13,200,5,200,0
14,1000,11,1000,0
15,200,4,200,1
16,100,1,100,0
17,1000,3,1000,1
18,100,1,100,1
19,200,3,200,0
20,10000,4,10000,1
21,100,4,100,0
22,100,2,100,0
23,1000,36,1000,1
24,100,1,100,0
25,1000,23,1000,0
26,200,3,200,0
27,200,1,200,1
28,1000,17,1000,1
29,1000,545,1000,1
Note: *a,b means a->b, i.e., a writes data and b reads data from it
@Chain:2, 3, 7, 8, 13, 15, 27, 
@Chain:2, 3, 7, 11, 12, 24, 29, 
*0,1
*1,3
*2,3
*1,4
*4,5
*1,6
*2,7
*3,7
*5,7
*1,8
*2,8
*3,8
*4,8
*7,8
*2,9
*5,9
*6,9
*8,9
*4,10
*1,11
*2,11
*3,11
*4,11
*5,11
*7,11
*10,11
*1,12
*4,12
*7,12
*11,12
*1,13
*2,13
*3,13
*4,13
*7,13
*8,13
*0,14
*4,14
*8,14
*10,14
*11,14
*13,14
*1,15
*3,15
*7,15
*9,15
*10,15
*11,15
*13,15
*2,16
*3,16
*4,16
*5,16
*12,16
*14,16
*6,17
*8,17
*11,17
*16,17
*2,18
*3,18
*8,18
*14,18
*17,18
*2,19
*4,19
*9,19
*12,19
*14,19
*15,19
*16,19
*8,20
*9,20
*11,20
*13,20
*16,20
*17,20
*2,21
*5,21
*6,21
*9,21
*11,21
*15,21
*16,21
*17,21
*19,21
*2,22
*3,22
*5,22
*6,22
*8,22
*9,22
*10,22
*11,22
*12,22
*16,22
*17,22
*1,23
*2,23
*5,23
*6,23
*9,23
*12,23
*13,23
*15,23
*16,23
*17,23
*20,23
*22,23
*0,24
*1,24
*4,24
*8,24
*9,24
*10,24
*11,24
*12,24
*13,24
*18,24
*4,25
*9,25
*11,25
*13,25
*16,25
*21,25
*22,25
*23,25
*2,26
*4,26
*6,26
*8,26
*10,26
*11,26
*14,26
*19,26
*22,26
*0,27
*1,27
*6,27
*7,27
*9,27
*13,27
*15,27
*18,27
*19,27
*0,28
*7,28
*10,28
*11,28
*15,28
*16,28
*17,28
*20,28
*21,28
*23,28
*24,28
*0,29
*6,29
*8,29
*9,29
*10,29
*13,29
*14,29
*17,29
*23,29
*24,29
*26,29
